<?xml version="1.0" encoding="UTF-8"?>
<palette name="Robert" version="null">
	<item>
		<name><![CDATA[animated-emoticon-5.gif]]></name>
		<imgfile>animated-emoticon-5.gif</imgfile>
		<imgWidth>30</imgWidth>
		<imgHeight>30</imgHeight>
	</item>
	<item>
		<name><![CDATA[websphere.gif]]></name>
		<imgfile>websphere.gif</imgfile>
		<imgWidth>40</imgWidth>
		<imgHeight>40</imgHeight>
		<alttext><![CDATA[Websphere]]></alttext>
		<keyboard><![CDATA[WAS]]></keyboard>
	</item>
	<item>
		<name><![CDATA[animated-emoticon-6.gif]]></name>
		<imgfile>animated-emoticon-6.gif</imgfile>
		<imgWidth>32</imgWidth>
		<imgHeight>32</imgHeight>
	</item>
	<item>
		<name><![CDATA[EmoticonAngel.gif]]></name>
		<imgfile>EmoticonAngel.gif</imgfile>
		<imgWidth>61</imgWidth>
		<imgHeight>23</imgHeight>
	</item>
	<item>
		<name><![CDATA[EmoticonAngel1.gif]]></name>
		<imgfile>EmoticonAngel1.gif</imgfile>
		<imgWidth>37</imgWidth>
		<imgHeight>46</imgHeight>
	</item>
	<item>
		<name><![CDATA[EmoticonAngelDevil.gif]]></name>
		<imgfile>EmoticonAngelDevil.gif</imgfile>
		<imgWidth>29</imgWidth>
		<imgHeight>29</imgHeight>
	</item>
	<item>
		<name><![CDATA[EmoticonArgue.gif]]></name>
		<imgfile>EmoticonArgue.gif</imgfile>
		<imgWidth>61</imgWidth>
		<imgHeight>23</imgHeight>
	</item>
	<item>
		<name><![CDATA[EmoticonBed.gif]]></name>
		<imgfile>EmoticonBed.gif</imgfile>
		<imgWidth>56</imgWidth>
		<imgHeight>28</imgHeight>
	</item>
	<item>
		<name><![CDATA[EmoticonBigCry.gif]]></name>
		<imgfile>EmoticonBigCry.gif</imgfile>
		<imgWidth>30</imgWidth>
		<imgHeight>30</imgHeight>
	</item>
	<item>
		<name><![CDATA[EmoticonBigGrin.gif]]></name>
		<imgfile>EmoticonBigGrin.gif</imgfile>
		<imgWidth>29</imgWidth>
		<imgHeight>28</imgHeight>
	</item>
	<item>
		<name><![CDATA[EmoticonBlueFlower.gif]]></name>
		<imgfile>EmoticonBlueFlower.gif</imgfile>
		<imgWidth>39</imgWidth>
		<imgHeight>53</imgHeight>
	</item>
	<item>
		<name><![CDATA[EmoticonCar.gif]]></name>
		<imgfile>EmoticonCar.gif</imgfile>
		<imgWidth>50</imgWidth>
		<imgHeight>25</imgHeight>
	</item>
	<item>
		<name><![CDATA[EmoticonCatMilk.gif]]></name>
		<imgfile>EmoticonCatMilk.gif</imgfile>
		<imgWidth>45</imgWidth>
		<imgHeight>30</imgHeight>
	</item>
	<item>
		<name><![CDATA[EmoticonChatter.gif]]></name>
		<imgfile>EmoticonChatter.gif</imgfile>
		<imgWidth>38</imgWidth>
		<imgHeight>16</imgHeight>
	</item>
	<item>
		<name><![CDATA[EmoticonClown.gif]]></name>
		<imgfile>EmoticonClown.gif</imgfile>
		<imgWidth>15</imgWidth>
		<imgHeight>15</imgHeight>
	</item>
	<item>
		<name><![CDATA[EmoticonComputer.gif]]></name>
		<imgfile>EmoticonComputer.gif</imgfile>
		<imgWidth>48</imgWidth>
		<imgHeight>20</imgHeight>
	</item>
	<item>
		<name><![CDATA[EmoticonCryYeloow.gif]]></name>
		<imgfile>EmoticonCryYeloow.gif</imgfile>
		<imgWidth>15</imgWidth>
		<imgHeight>15</imgHeight>
	</item>
	<item>
		<name><![CDATA[EmoticonDancer.gif]]></name>
		<imgfile>EmoticonDancer.gif</imgfile>
		<imgWidth>44</imgWidth>
		<imgHeight>75</imgHeight>
	</item>
	<item>
		<name><![CDATA[EmoticonDevil.gif]]></name>
		<imgfile>EmoticonDevil.gif</imgfile>
		<imgWidth>21</imgWidth>
		<imgHeight>19</imgHeight>
	</item>
	<item>
		<name><![CDATA[EmoticonDoh.gif]]></name>
		<imgfile>EmoticonDoh.gif</imgfile>
		<imgWidth>15</imgWidth>
		<imgHeight>15</imgHeight>
	</item>
	<item>
		<name><![CDATA[EmoticonEek.gif]]></name>
		<imgfile>EmoticonEek.gif</imgfile>
		<imgWidth>15</imgWidth>
		<imgHeight>100</imgHeight>
	</item>
	<item>
		<name><![CDATA[EmoticonFinger.gif]]></name>
		<imgfile>EmoticonFinger.gif</imgfile>
		<imgWidth>78</imgWidth>
		<imgHeight>40</imgHeight>
	</item>
	<item>
		<name><![CDATA[EmoticonFireDevil.gif]]></name>
		<imgfile>EmoticonFireDevil.gif</imgfile>
		<imgWidth>30</imgWidth>
		<imgHeight>52</imgHeight>
	</item>
	<item>
		<name><![CDATA[EmoticonFurious.gif]]></name>
		<imgfile>EmoticonFurious.gif</imgfile>
		<imgWidth>33</imgWidth>
		<imgHeight>31</imgHeight>
	</item>
	<item>
		<name><![CDATA[EmoticonGifts.gif]]></name>
		<imgfile>EmoticonGifts.gif</imgfile>
		<imgWidth>43</imgWidth>
		<imgHeight>32</imgHeight>
	</item>
	<item>
		<name><![CDATA[EmoticonGossip.gif]]></name>
		<imgfile>EmoticonGossip.gif</imgfile>
		<imgWidth>61</imgWidth>
		<imgHeight>15</imgHeight>
	</item>
	<item>
		<name><![CDATA[EmoticonHa.gif]]></name>
		<imgfile>EmoticonHa.gif</imgfile>
		<imgWidth>18</imgWidth>
		<imgHeight>16</imgHeight>
	</item>
	<item>
		<name><![CDATA[EmoticonHammer.gif]]></name>
		<imgfile>EmoticonHammer.gif</imgfile>
		<imgWidth>30</imgWidth>
		<imgHeight>26</imgHeight>
	</item>
	<item>
		<name><![CDATA[EmoticonHandGrap.gif]]></name>
		<imgfile>EmoticonHandGrap.gif</imgfile>
		<imgWidth>48</imgWidth>
		<imgHeight>48</imgHeight>
	</item>
	<item>
		<name><![CDATA[EmoticonHapBday.gif]]></name>
		<imgfile>EmoticonHapBday.gif</imgfile>
		<imgWidth>81</imgWidth>
		<imgHeight>26</imgHeight>
	</item>
	<item>
		<name><![CDATA[EmoticonHelp.gif]]></name>
		<imgfile>EmoticonHelp.gif</imgfile>
		<imgWidth>40</imgWidth>
		<imgHeight>42</imgHeight>
	</item>
	<item>
		<name><![CDATA[EmoticonHersheyKiss.gif]]></name>
		<imgfile>EmoticonHersheyKiss.gif</imgfile>
		<imgWidth>49</imgWidth>
		<imgHeight>52</imgHeight>
	</item>
	<item>
		<name><![CDATA[EmoticonHome.gif]]></name>
		<imgfile>EmoticonHome.gif</imgfile>
		<imgWidth>115</imgWidth>
		<imgHeight>55</imgHeight>
	</item>
	<item>
		<name><![CDATA[EmoticonIdea.gif]]></name>
		<imgfile>EmoticonIdea.gif</imgfile>
		<imgWidth>15</imgWidth>
		<imgHeight>31</imgHeight>
	</item>
	<item>
		<name><![CDATA[EmoticonJackBox.gif]]></name>
		<imgfile>EmoticonJackBox.gif</imgfile>
		<imgWidth>20</imgWidth>
		<imgHeight>46</imgHeight>
	</item>
	<item>
		<name><![CDATA[EmoticonJester.gif]]></name>
		<imgfile>EmoticonJester.gif</imgfile>
		<imgWidth>25</imgWidth>
		<imgHeight>26</imgHeight>
	</item>
	<item>
		<name><![CDATA[EmoticonJuggle.gif]]></name>
		<imgfile>EmoticonJuggle.gif</imgfile>
		<imgWidth>31</imgWidth>
		<imgHeight>34</imgHeight>
	</item>
	<item>
		<name><![CDATA[EmoticonJumpRope.gif]]></name>
		<imgfile>EmoticonJumpRope.gif</imgfile>
		<imgWidth>56</imgWidth>
		<imgHeight>65</imgHeight>
	</item>
	<item>
		<name><![CDATA[EmoticonLargeSizeRedCry.gif]]></name>
		<imgfile>EmoticonLargeSizeRedCry.gif</imgfile>
		<imgWidth>50</imgWidth>
		<imgHeight>40</imgHeight>
	</item>
	<item>
		<name><![CDATA[EmoticonMad.gif]]></name>
		<imgfile>EmoticonMad.gif</imgfile>
		<imgWidth>15</imgWidth>
		<imgHeight>22</imgHeight>
	</item>
	<item>
		<name><![CDATA[EmoticonMonaLisa.gif]]></name>
		<imgfile>EmoticonMonaLisa.gif</imgfile>
		<imgWidth>31</imgWidth>
		<imgHeight>40</imgHeight>
	</item>
	<item>
		<name><![CDATA[EmoticonMonarch.gif]]></name>
		<imgfile>EmoticonMonarch.gif</imgfile>
		<imgWidth>70</imgWidth>
		<imgHeight>80</imgHeight>
	</item>
	<item>
		<name><![CDATA[EmoticonMonkey.gif]]></name>
		<imgfile>EmoticonMonkey.gif</imgfile>
		<imgWidth>45</imgWidth>
		<imgHeight>45</imgHeight>
	</item>
	<item>
		<name><![CDATA[EmoticonMonkeyDance.gif]]></name>
		<imgfile>EmoticonMonkeyDance.gif</imgfile>
		<imgWidth>29</imgWidth>
		<imgHeight>39</imgHeight>
	</item>
	<item>
		<name><![CDATA[EmoticonMusicBand.gif]]></name>
		<imgfile>EmoticonMusicBand.gif</imgfile>
		<imgWidth>74</imgWidth>
		<imgHeight>60</imgHeight>
	</item>
	<item>
		<name><![CDATA[EmoticonNewbie.gif]]></name>
		<imgfile>EmoticonNewbie.gif</imgfile>
		<imgWidth>102</imgWidth>
		<imgHeight>15</imgHeight>
	</item>
	<item>
		<name><![CDATA[EmoticonNoNo.gif]]></name>
		<imgfile>EmoticonNoNo.gif</imgfile>
		<imgWidth>22</imgWidth>
		<imgHeight>19</imgHeight>
	</item>
	<item>
		<name><![CDATA[EmoticonNut.gif]]></name>
		<imgfile>EmoticonNut.gif</imgfile>
		<imgWidth>15</imgWidth>
		<imgHeight>15</imgHeight>
	</item>
	<item>
		<name><![CDATA[EmoticonOops.gif]]></name>
		<imgfile>EmoticonOops.gif</imgfile>
		<imgWidth>40</imgWidth>
		<imgHeight>44</imgHeight>
	</item>
	<item>
		<name><![CDATA[EmoticonPaci.gif]]></name>
		<imgfile>EmoticonPaci.gif</imgfile>
		<imgWidth>15</imgWidth>
		<imgHeight>18</imgHeight>
	</item>
	<item>
		<name><![CDATA[EmoticonPacMan.gif]]></name>
		<imgfile>EmoticonPacMan.gif</imgfile>
		<imgWidth>100</imgWidth>
		<imgHeight>15</imgHeight>
	</item>
	<item>
		<name><![CDATA[EmoticonPartyDance.gif]]></name>
		<imgfile>EmoticonPartyDance.gif</imgfile>
		<imgWidth>112</imgWidth>
		<imgHeight>80</imgHeight>
	</item>
	<item>
		<name><![CDATA[EmoticonPartyFavor.gif]]></name>
		<imgfile>EmoticonPartyFavor.gif</imgfile>
		<imgWidth>42</imgWidth>
		<imgHeight>34</imgHeight>
	</item>
	<item>
		<name><![CDATA[EmoticonPharoah.gif]]></name>
		<imgfile>EmoticonPharoah.gif</imgfile>
		<imgWidth>27</imgWidth>
		<imgHeight>26</imgHeight>
	</item>
	<item>
		<name><![CDATA[EmoticonPirate.gif]]></name>
		<imgfile>EmoticonPirate.gif</imgfile>
		<imgWidth>20</imgWidth>
		<imgHeight>19</imgHeight>
	</item>
	<item>
		<name><![CDATA[EmoticonRead.gif]]></name>
		<imgfile>EmoticonRead.gif</imgfile>
		<imgWidth>19</imgWidth>
		<imgHeight>24</imgHeight>
	</item>
	<item>
		<name><![CDATA[EmoticonSantaWindow.gif]]></name>
		<imgfile>EmoticonSantaWindow.gif</imgfile>
		<imgWidth>61</imgWidth>
		<imgHeight>59</imgHeight>
	</item>
	<item>
		<name><![CDATA[test3.gif]]></name>
		<imgfile>test3.gif</imgfile>
		<imgWidth>16</imgWidth>
		<imgHeight>16</imgHeight>
	</item>
	<item>
		<name><![CDATA[smile]]></name>
		<imgfile>EmoticonHappy.gif</imgfile>
		<imgWidth>18</imgWidth>
		<imgHeight>18</imgHeight>
		<alttext><![CDATA[smile]]></alttext>
		<keyboard><![CDATA[:-)]]></keyboard>
		<kbrdregexp><![CDATA[[:=][-]?[)]]]></kbrdregexp>
	</item>
	<item>
		<name><![CDATA[very-shocked-smiley-emoticon.gif]]></name>
		<imgfile>very-shocked-smiley-emoticon.gif</imgfile>
		<imgWidth>41</imgWidth>
		<imgHeight>60</imgHeight>
	</item>
	<item>
		<name><![CDATA[eyes_popping_2059.gif]]></name>
		<imgfile>eyes_popping_2059.gif</imgfile>
		<imgWidth>25</imgWidth>
		<imgHeight>17</imgHeight>
	</item>
	<item>
		<name><![CDATA[IMAGE$2A249DFD405A25F1.gif]]></name>
		<imgfile>IMAGE$2A249DFD405A25F1.gif</imgfile>
		<imgWidth>24</imgWidth>
		<imgHeight>22</imgHeight>
	</item>
	<item>
		<name><![CDATA[IMAGE$768A4773ED7F4D7F.gif]]></name>
		<imgfile>IMAGE$768A4773ED7F4D7F.gif</imgfile>
		<imgWidth>43</imgWidth>
		<imgHeight>30</imgHeight>
		<alttext><![CDATA[fly]]></alttext>
	</item>
	<item>
		<name><![CDATA[howdy.gif]]></name>
		<imgfile>howdy.gif</imgfile>
		<imgWidth>48</imgWidth>
		<imgHeight>36</imgHeight>
	</item>
	<item>
		<name><![CDATA[biglaugh.gif]]></name>
		<imgfile>biglaugh.gif</imgfile>
		<imgWidth>18</imgWidth>
		<imgHeight>18</imgHeight>
	</item>
	<item>
		<name><![CDATA[clap.gif]]></name>
		<imgfile>dup0clap.gif</imgfile>
		<imgWidth>18</imgWidth>
		<imgHeight>18</imgHeight>
		<alttext><![CDATA[clap]]></alttext>
	</item>
	<item>
		<name><![CDATA[laugh]]></name>
		<imgfile>EmoticonLaugh.gif</imgfile>
		<imgWidth>18</imgWidth>
		<imgHeight>18</imgHeight>
		<alttext><![CDATA[laugh]]></alttext>
		<keyboard><![CDATA[lol]]></keyboard>
		<kbrdregexp><![CDATA[lol]]></kbrdregexp>
	</item>
	<item>
		<name><![CDATA[wink]]></name>
		<imgfile>EmoticonWink.gif</imgfile>
		<imgWidth>18</imgWidth>
		<imgHeight>18</imgHeight>
		<alttext><![CDATA[wink]]></alttext>
		<keyboard><![CDATA[;)]]></keyboard>
		<kbrdregexp><![CDATA[;[-]?[)]]]></kbrdregexp>
	</item>
	<item>
		<name><![CDATA[grin]]></name>
		<imgfile>EmoticonBigSmile.gif</imgfile>
		<imgWidth>18</imgWidth>
		<imgHeight>18</imgHeight>
		<alttext><![CDATA[grin]]></alttext>
		<keyboard><![CDATA[:-D]]></keyboard>
		<kbrdregexp><![CDATA[[:][-]?[D>]]]></kbrdregexp>
	</item>
	<item>
		<name><![CDATA[cool]]></name>
		<imgfile>EmoticonCool.gif</imgfile>
		<imgWidth>18</imgWidth>
		<imgHeight>18</imgHeight>
		<alttext><![CDATA[cool]]></alttext>
		<keyboard><![CDATA[8-)]]></keyboard>
		<kbrdregexp><![CDATA[[8][-]?[)]]]></kbrdregexp>
	</item>
	<item>
		<name><![CDATA[angry]]></name>
		<imgfile>EmoticonAngry.gif</imgfile>
		<imgWidth>18</imgWidth>
		<imgHeight>18</imgHeight>
		<alttext><![CDATA[angry]]></alttext>
		<keyboard><![CDATA[:-@]]></keyboard>
		<kbrdregexp><![CDATA[[:][-]?[@]]]></kbrdregexp>
	</item>
	<item>
		<name><![CDATA[half]]></name>
		<imgfile>EmoticonConfused.gif</imgfile>
		<imgWidth>18</imgWidth>
		<imgHeight>18</imgHeight>
		<alttext><![CDATA[half]]></alttext>
		<keyboard><![CDATA[:-/]]></keyboard>
		<kbrdregexp><![CDATA[[:][-]?[/\\]]]></kbrdregexp>
	</item>
	<item>
		<name><![CDATA[eyebrow]]></name>
		<imgfile>EmoticonEyebrow.gif</imgfile>
		<imgWidth>18</imgWidth>
		<imgHeight>18</imgHeight>
		<alttext><![CDATA[eyebrow]]></alttext>
		<keyboard><![CDATA[/:)]]></keyboard>
		<kbrdregexp><![CDATA[[/][:][-]?[)]]]></kbrdregexp>
	</item>
	<item>
		<name><![CDATA[frown]]></name>
		<imgfile>EmoticonSad.gif</imgfile>
		<imgWidth>18</imgWidth>
		<imgHeight>18</imgHeight>
		<alttext><![CDATA[frown]]></alttext>
		<keyboard><![CDATA[:-(]]></keyboard>
		<kbrdregexp><![CDATA[:-?[(]]]></kbrdregexp>
	</item>
	<item>
		<name><![CDATA[shy]]></name>
		<imgfile>EmoticonShy.gif</imgfile>
		<imgWidth>18</imgWidth>
		<imgHeight>18</imgHeight>
		<alttext><![CDATA[shy]]></alttext>
		<keyboard><![CDATA[:-$]]></keyboard>
		<kbrdregexp><![CDATA[[:][-]?[$]]]></kbrdregexp>
	</item>
	<item>
		<name><![CDATA[goofy]]></name>
		<imgfile>EmoticonGoofy.gif</imgfile>
		<imgWidth>18</imgWidth>
		<imgHeight>18</imgHeight>
		<alttext><![CDATA[goofy]]></alttext>
		<keyboard><![CDATA[:-S]]></keyboard>
		<kbrdregexp><![CDATA[[:][-]?[S]]]></kbrdregexp>
	</item>
	<item>
		<name><![CDATA[oops]]></name>
		<imgfile>EmoticonSurprised.gif</imgfile>
		<imgWidth>20</imgWidth>
		<imgHeight>18</imgHeight>
		<alttext><![CDATA[oops]]></alttext>
		<keyboard><![CDATA[:-O]]></keyboard>
		<kbrdregexp><![CDATA[[=:][-]?[o0O]]]></kbrdregexp>
	</item>
	<item>
		<name><![CDATA[tongue]]></name>
		<imgfile>EmoticonTongue.gif</imgfile>
		<imgWidth>18</imgWidth>
		<imgHeight>18</imgHeight>
		<alttext><![CDATA[tongue]]></alttext>
		<keyboard><![CDATA[:-P]]></keyboard>
		<kbrdregexp><![CDATA[[:=][-]?[P]]]></kbrdregexp>
	</item>
	<item>
		<name><![CDATA[blbl]]></name>
		<imgfile>blbl.gif</imgfile>
		<imgWidth>33</imgWidth>
		<imgHeight>19</imgHeight>
	</item>
	<item>
		<name><![CDATA[idea]]></name>
		<imgfile>EmoticonLightbulb.gif</imgfile>
		<imgWidth>18</imgWidth>
		<imgHeight>18</imgHeight>
		<alttext><![CDATA[idea]]></alttext>
		<keyboard><![CDATA[(i)]]></keyboard>
		<kbrdregexp><![CDATA[[(][i][)]]]></kbrdregexp>
	</item>
	<item>
		<name><![CDATA[yes]]></name>
		<imgfile>EmoticonThumbsUp.gif</imgfile>
		<imgWidth>23</imgWidth>
		<imgHeight>18</imgHeight>
		<alttext><![CDATA[yes]]></alttext>
		<keyboard><![CDATA[(y)]]></keyboard>
		<kbrdregexp><![CDATA[[(][y][)]]]></kbrdregexp>
	</item>
	<item>
		<name><![CDATA[no]]></name>
		<imgfile>EmoticonThumbsDown.gif</imgfile>
		<imgWidth>23</imgWidth>
		<imgHeight>18</imgHeight>
		<alttext><![CDATA[no]]></alttext>
		<keyboard><![CDATA[(n)]]></keyboard>
		<kbrdregexp><![CDATA[[(][n][)]]]></kbrdregexp>
	</item>
	<item>
		<name><![CDATA[angel]]></name>
		<imgfile>dup0EmoticonAngel.gif</imgfile>
		<imgWidth>18</imgWidth>
		<imgHeight>22</imgHeight>
		<alttext><![CDATA[angel]]></alttext>
		<keyboard><![CDATA[0:-)]]></keyboard>
		<kbrdregexp><![CDATA[[0][:][-]?[)]]]></kbrdregexp>
	</item>
	<item>
		<name><![CDATA[crying]]></name>
		<imgfile>EmoticonCrying.gif</imgfile>
		<imgWidth>25</imgWidth>
		<imgHeight>18</imgHeight>
		<alttext><![CDATA[crying]]></alttext>
		<keyboard><![CDATA[:'(]]></keyboard>
		<kbrdregexp><![CDATA[[:]['][(]]]></kbrdregexp>
	</item>
	<item>
		<name><![CDATA[laughroll]]></name>
		<imgfile>EmoticonHysterical.gif</imgfile>
		<imgWidth>34</imgWidth>
		<imgHeight>20</imgHeight>
		<alttext><![CDATA[laughroll]]></alttext>
		<keyboard><![CDATA[rofl]]></keyboard>
		<kbrdregexp><![CDATA[rofl]]></kbrdregexp>
	</item>
	<item>
		<name><![CDATA[beerchug]]></name>
		<imgfile>beerchug.gif</imgfile>
		<imgWidth>60</imgWidth>
		<imgHeight>40</imgHeight>
	</item>
	<item>
		<name><![CDATA[birthday.sml]]></name>
		<imgfile>birthday.sml.gif</imgfile>
		<imgWidth>81</imgWidth>
		<imgHeight>26</imgHeight>
	</item>
	<item>
		<name><![CDATA[Glasses.gif]]></name>
		<imgfile>Glasses.gif</imgfile>
		<imgWidth>24</imgWidth>
		<imgHeight>18</imgHeight>
		<alttext><![CDATA[my glasses]]></alttext>
	</item>
	<item>
		<name><![CDATA[Cowboy]]></name>
		<imgfile>Cowbody.gif</imgfile>
		<imgWidth>18</imgWidth>
		<imgHeight>18</imgHeight>
	</item>
	<item>
		<name><![CDATA[Hmmm.gif]]></name>
		<imgfile>Hmmm.gif</imgfile>
		<imgWidth>18</imgWidth>
		<imgHeight>18</imgHeight>
	</item>
	<item>
		<name><![CDATA[RockRoll]]></name>
		<imgfile>R_R.gif</imgfile>
		<imgWidth>26</imgWidth>
		<imgHeight>18</imgHeight>
	</item>
	<item>
		<name><![CDATA[Hold Breath.gif]]></name>
		<imgfile>Hold Breath.gif</imgfile>
		<imgWidth>18</imgWidth>
		<imgHeight>18</imgHeight>
	</item>
	<item>
		<name><![CDATA[Big Laugh.gif]]></name>
		<imgfile>Big Laugh.gif</imgfile>
		<imgWidth>18</imgWidth>
		<imgHeight>18</imgHeight>
	</item>
	<item>
		<name><![CDATA[Clap.gif]]></name>
		<imgfile>Clap.gif</imgfile>
		<imgWidth>18</imgWidth>
		<imgHeight>18</imgHeight>
	</item>
	<item>
		<name><![CDATA[Skull.gif]]></name>
		<imgfile>Skull.gif</imgfile>
		<imgWidth>18</imgWidth>
		<imgHeight>18</imgHeight>
	</item>
	<item>
		<name><![CDATA[Pumpkin.gif]]></name>
		<imgfile>Pumpkin.gif</imgfile>
		<imgWidth>17</imgWidth>
		<imgHeight>18</imgHeight>
	</item>
	<item>
		<name><![CDATA[grumpy.gif]]></name>
		<imgfile>grumpy.gif</imgfile>
		<imgWidth>18</imgWidth>
		<imgHeight>18</imgHeight>
	</item>
	<item>
		<name><![CDATA[alien.gif]]></name>
		<imgfile>alien.gif</imgfile>
		<imgWidth>18</imgWidth>
		<imgHeight>18</imgHeight>
	</item>
	<item>
		<name><![CDATA[smiliealien.gif]]></name>
		<imgfile>smiliealien.gif</imgfile>
		<imgWidth>18</imgWidth>
		<imgHeight>18</imgHeight>
	</item>
	<item>
		<name><![CDATA[chaching.gif]]></name>
		<imgfile>chaching.gif</imgfile>
		<imgWidth>18</imgWidth>
		<imgHeight>18</imgHeight>
	</item>
	<item>
		<name><![CDATA[whistle]]></name>
		<imgfile>54_5B1_5D.gif</imgfile>
		<imgWidth>22</imgWidth>
		<imgHeight>18</imgHeight>
	</item>
	<item>
		<name><![CDATA[smack]]></name>
		<imgfile>56_5B1_5D.gif</imgfile>
		<imgWidth>18</imgWidth>
		<imgHeight>18</imgHeight>
	</item>
	<item>
		<name><![CDATA[redthumbsup]]></name>
		<imgfile>duim11.gif</imgfile>
		<imgWidth>25</imgWidth>
		<imgHeight>18</imgHeight>
	</item>
	<item>
		<name><![CDATA[thumb.gif]]></name>
		<imgfile>thumb.gif</imgfile>
		<imgWidth>23</imgWidth>
		<imgHeight>18</imgHeight>
	</item>
	<item>
		<name><![CDATA[wave.gif]]></name>
		<imgfile>wave.gif</imgfile>
		<imgWidth>25</imgWidth>
		<imgHeight>15</imgHeight>
		<keyboard><![CDATA[hd]]></keyboard>
	</item>
	<item>
		<name><![CDATA[peace]]></name>
		<imgfile>57.gif</imgfile>
		<imgWidth>22</imgWidth>
		<imgHeight>18</imgHeight>
	</item>
	<item>
		<name><![CDATA[IMAGE$6F8D2B261354CFA4.gif]]></name>
		<imgfile>IMAGE$6F8D2B261354CFA4.gif</imgfile>
		<imgWidth>31</imgWidth>
		<imgHeight>36</imgHeight>
	</item>
	<item>
		<name><![CDATA[Doh]]></name>
		<imgfile>eusa_doh_5B1_5D.gif</imgfile>
		<imgWidth>22</imgWidth>
		<imgHeight>16</imgHeight>
	</item>
	<item>
		<name><![CDATA[tiphat]]></name>
		<imgfile>hat_3.gif</imgfile>
		<imgWidth>25</imgWidth>
		<imgHeight>28</imgHeight>
	</item>
	<item>
		<name><![CDATA[walker]]></name>
		<imgfile>1224.gif</imgfile>
		<imgWidth>22</imgWidth>
		<imgHeight>21</imgHeight>
	</item>
	<item>
		<name><![CDATA[TongueWink]]></name>
		<imgfile>smiley-PokeTongueWink.gif</imgfile>
		<imgWidth>19</imgWidth>
		<imgHeight>19</imgHeight>
	</item>
	<item>
		<name><![CDATA[Dontknow]]></name>
		<imgfile>533.gif</imgfile>
		<imgWidth>37</imgWidth>
		<imgHeight>15</imgHeight>
	</item>
	<item>
		<name><![CDATA[karate.gif]]></name>
		<imgfile>karate.gif</imgfile>
		<imgWidth>20</imgWidth>
		<imgHeight>18</imgHeight>
	</item>
	<item>
		<name><![CDATA[boxer.gif]]></name>
		<imgfile>boxer.gif</imgfile>
		<imgWidth>28</imgWidth>
		<imgHeight>21</imgHeight>
	</item>
	<item>
		<name><![CDATA[coffeetime.gif]]></name>
		<imgfile>coffeetime.gif</imgfile>
		<imgWidth>29</imgWidth>
		<imgHeight>21</imgHeight>
		<alttext><![CDATA[coffee]]></alttext>
	</item>
	<item>
		<name><![CDATA[1261.gif]]></name>
		<imgfile>1261.gif</imgfile>
		<imgWidth>30</imgWidth>
		<imgHeight>17</imgHeight>
	</item>
	<item>
		<name><![CDATA[headbang.gif]]></name>
		<imgfile>headbang.gif</imgfile>
		<imgWidth>25</imgWidth>
		<imgHeight>20</imgHeight>
	</item>
	<item>
		<name><![CDATA[bow_down.gif]]></name>
		<imgfile>bow_down.gif</imgfile>
		<imgWidth>27</imgWidth>
		<imgHeight>22</imgHeight>
	</item>
	<item>
		<name><![CDATA[computer]]></name>
		<imgfile>computer2.gif</imgfile>
		<imgWidth>60</imgWidth>
		<imgHeight>23</imgHeight>
	</item>
	<item>
		<name><![CDATA[IMAGE$61CE3B11A3B5DB45.gif]]></name>
		<imgfile>IMAGE$61CE3B11A3B5DB45.gif</imgfile>
		<imgWidth>32</imgWidth>
		<imgHeight>20</imgHeight>
	</item>
	<item>
		<name><![CDATA[bye]]></name>
		<imgfile>025.gif</imgfile>
		<imgWidth>43</imgWidth>
		<imgHeight>30</imgHeight>
	</item>
	<item>
		<name><![CDATA[woohoo]]></name>
		<imgfile>woohoo_2_5B1_5D2152252244487.gif</imgfile>
		<imgWidth>100</imgWidth>
		<imgHeight>28</imgHeight>
	</item>
	<item>
		<name><![CDATA[blahblah.gif]]></name>
		<imgfile>blahblah.gif</imgfile>
		<imgWidth>37</imgWidth>
		<imgHeight>15</imgHeight>
	</item>
	<item>
		<name><![CDATA[couchpeek]]></name>
		<imgfile>peeking_20behind_20couch.gif</imgfile>
		<imgWidth>60</imgWidth>
		<imgHeight>41</imgHeight>
	</item>
	<item>
		<name><![CDATA[banana.gif]]></name>
		<imgfile>banana.gif</imgfile>
		<imgWidth>33</imgWidth>
		<imgHeight>35</imgHeight>
		<alttext><![CDATA[banana mama]]></alttext>
	</item>
	<item>
		<name><![CDATA[happyman.gif]]></name>
		<imgfile>happyman.gif</imgfile>
		<imgWidth>25</imgWidth>
		<imgHeight>29</imgHeight>
	</item>
	<item>
		<name><![CDATA[cooldance]]></name>
		<imgfile>gif665811.gif</imgfile>
		<imgWidth>32</imgWidth>
		<imgHeight>32</imgHeight>
	</item>
	<item>
		<name><![CDATA[bounce.gif]]></name>
		<imgfile>bounce.gif</imgfile>
		<imgWidth>31</imgWidth>
		<imgHeight>31</imgHeight>
		<alttext><![CDATA[woopee]]></alttext>
	</item>
	<item>
		<name><![CDATA[party.gif]]></name>
		<imgfile>party.gif</imgfile>
		<imgWidth>35</imgWidth>
		<imgHeight>39</imgHeight>
	</item>
	<item>
		<name><![CDATA[brickfall]]></name>
		<imgfile>aktion077.gif</imgfile>
		<imgWidth>35</imgWidth>
		<imgHeight>45</imgHeight>
	</item>
	<item>
		<name><![CDATA[beerchug]]></name>
		<imgfile>dup0beerchug.gif</imgfile>
		<imgWidth>60</imgWidth>
		<imgHeight>40</imgHeight>
	</item>
	<item>
		<name><![CDATA[birthday.sml]]></name>
		<imgfile>dup0birthday.sml.gif</imgfile>
		<imgWidth>81</imgWidth>
		<imgHeight>26</imgHeight>
	</item>
	<item>
		<name><![CDATA[blbl]]></name>
		<imgfile>dup0blbl.gif</imgfile>
		<imgWidth>33</imgWidth>
		<imgHeight>19</imgHeight>
	</item>
	<item>
		<name><![CDATA[bluelaser]]></name>
		<imgfile>dup0bluelaser.gif</imgfile>
		<imgWidth>73</imgWidth>
		<imgHeight>37</imgHeight>
	</item>
	<item>
		<name><![CDATA[Cold.sml]]></name>
		<imgfile>dup0Cold.sml.gif</imgfile>
		<imgWidth>22</imgWidth>
		<imgHeight>20</imgHeight>
	</item>
	<item>
		<name><![CDATA[compute]]></name>
		<imgfile>dup0compute.gif</imgfile>
		<imgWidth>40</imgWidth>
		<imgHeight>20</imgHeight>
	</item>
	<item>
		<name><![CDATA[Crash]]></name>
		<imgfile>dup0Crash.gif</imgfile>
		<imgWidth>30</imgWidth>
		<imgHeight>26</imgHeight>
	</item>
	<item>
		<name><![CDATA[doctor]]></name>
		<imgfile>dup0doctor.gif</imgfile>
		<imgWidth>25</imgWidth>
		<imgHeight>33</imgHeight>
	</item>
	<item>
		<name><![CDATA[drink]]></name>
		<imgfile>dup0drink.gif</imgfile>
		<imgWidth>45</imgWidth>
		<imgHeight>20</imgHeight>
	</item>
	<item>
		<name><![CDATA[drink_2]]></name>
		<imgfile>dup0drink_2.gif</imgfile>
		<imgWidth>35</imgWidth>
		<imgHeight>18</imgHeight>
	</item>
	<item>
		<name><![CDATA[errrr]]></name>
		<imgfile>dup0errrr.gif</imgfile>
		<imgWidth>17</imgWidth>
		<imgHeight>17</imgHeight>
	</item>
	<item>
		<name><![CDATA[nopity]]></name>
		<imgfile>dup0nopity.gif</imgfile>
		<imgWidth>50</imgWidth>
		<imgHeight>36</imgHeight>
	</item>
	<item>
		<name><![CDATA[smiley_abxe]]></name>
		<imgfile>dup0smiley_abxe.gif</imgfile>
		<imgWidth>100</imgWidth>
		<imgHeight>34</imgHeight>
	</item>
	<item>
		<name><![CDATA[IMAGE$674522DF4E2EE415.gif]]></name>
		<imgfile>IMAGE$674522DF4E2EE415.gif</imgfile>
		<imgWidth>61</imgWidth>
		<imgHeight>15</imgHeight>
	</item>
	<item>
		<name><![CDATA[smiley_karate]]></name>
		<imgfile>dup0smiley_karate.gif</imgfile>
		<imgWidth>40</imgWidth>
		<imgHeight>28</imgHeight>
	</item>
	<item>
		<name><![CDATA[stupid]]></name>
		<imgfile>dup0stupid.gif</imgfile>
		<imgWidth>43</imgWidth>
		<imgHeight>32</imgHeight>
	</item>
	<item>
		<name><![CDATA[np]]></name>
		<imgfile>$48F8B1A7B496F4CC.gif</imgfile>
		<imgWidth>107</imgWidth>
		<imgHeight>42</imgHeight>
	</item>
	<item>
		<name><![CDATA[pingvin.gif]]></name>
		<imgfile>pingvin.gif</imgfile>
		<imgWidth>45</imgWidth>
		<imgHeight>50</imgHeight>
		<keyboard><![CDATA[happy]]></keyboard>
	</item>
	<item>
		<name><![CDATA[rulez]]></name>
		<imgfile>dup0rulez.gif</imgfile>
		<imgWidth>47</imgWidth>
		<imgHeight>65</imgHeight>
	</item>
	<item>
		<name><![CDATA[hello.gif]]></name>
		<imgfile>hello.gif</imgfile>
		<imgWidth>53</imgWidth>
		<imgHeight>42</imgHeight>
	</item>
	<item>
		<name><![CDATA[New Emoticon 3]]></name>
		<imgfile>$28FC2F389919A77B.gif</imgfile>
		<imgWidth>46</imgWidth>
		<imgHeight>32</imgHeight>
		<alttext><![CDATA[hihi]]></alttext>
	</item>
	<item>
		<name><![CDATA[IMAGE$311DDD7F9F9FFC04.gif]]></name>
		<imgfile>IMAGE$311DDD7F9F9FFC04.gif</imgfile>
		<imgWidth>15</imgWidth>
		<imgHeight>100</imgHeight>
		<alttext><![CDATA[hakeslepp]]></alttext>
	</item>
	<item>
		<name><![CDATA[IMAGE$68777F061CD45A58.gif]]></name>
		<imgfile>IMAGE$68777F061CD45A58.gif</imgfile>
		<imgWidth>50</imgWidth>
		<imgHeight>36</imgHeight>
	</item>
	<item>
		<name><![CDATA[IMAGE$28BF222A388DE3DF.gif]]></name>
		<imgfile>IMAGE$28BF222A388DE3DF.gif</imgfile>
		<imgWidth>50</imgWidth>
		<imgHeight>50</imgHeight>
	</item>
	<item>
		<name><![CDATA[New Emoticon 2]]></name>
		<imgfile>$4F94CE9395905E4B.gif</imgfile>
		<imgWidth>110</imgWidth>
		<imgHeight>110</imgHeight>
		<alttext><![CDATA[thumbsup]]></alttext>
	</item>
	<item>
		<name><![CDATA[kaffe.gif]]></name>
		<imgfile>kaffe.gif</imgfile>
		<imgWidth>58</imgWidth>
		<imgHeight>90</imgHeight>
	</item>
	<item>
		<name><![CDATA[sintbil.gif]]></name>
		<imgfile>sintbil.gif</imgfile>
		<imgWidth>60</imgWidth>
		<imgHeight>60</imgHeight>
		<keyboard><![CDATA[sintbil]]></keyboard>
	</item>
	<item>
		<name><![CDATA[New Emoticon 4]]></name>
		<imgfile>$35ADC8867200E8E0.gif</imgfile>
		<imgWidth>88</imgWidth>
		<imgHeight>63</imgHeight>
		<alttext><![CDATA[skål!]]></alttext>
	</item>
	<item>
		<name><![CDATA[IMAGE$4396A13EB400115F.gif]]></name>
		<imgfile>IMAGE$4396A13EB400115F.gif</imgfile>
		<imgWidth>110</imgWidth>
		<imgHeight>70</imgHeight>
		<alttext><![CDATA[hihi]]></alttext>
	</item>
	<item>
		<name><![CDATA[dance.gif]]></name>
		<imgfile>dance.gif</imgfile>
		<imgWidth>44</imgWidth>
		<imgHeight>75</imgHeight>
	</item>
	<item>
		<name><![CDATA[IMAGE$61574F1744A8AD62.gif]]></name>
		<imgfile>IMAGE$61574F1744A8AD62.gif</imgfile>
		<imgWidth>44</imgWidth>
		<imgHeight>75</imgHeight>
	</item>
	<item>
		<name><![CDATA[IMAGE$260098FFC8775600.gif]]></name>
		<imgfile>IMAGE$260098FFC8775600.gif</imgfile>
		<imgWidth>71</imgWidth>
		<imgHeight>71</imgHeight>
	</item>
	<item>
		<name><![CDATA[IMAGE$1F04A6E2A97BA229.gif]]></name>
		<imgfile>IMAGE$1F04A6E2A97BA229.gif</imgfile>
		<imgWidth>116</imgWidth>
		<imgHeight>102</imgHeight>
	</item>
	<item>
		<name><![CDATA[IMAGE$48012670329AC24B.gif]]></name>
		<imgfile>IMAGE$48012670329AC24B.gif</imgfile>
		<imgWidth>114</imgWidth>
		<imgHeight>73</imgHeight>
	</item>
	<item>
		<name><![CDATA[IMAGE$68F67C1B48A9AA84.gif]]></name>
		<imgfile>IMAGE$68F67C1B48A9AA84.gif</imgfile>
		<imgWidth>42</imgWidth>
		<imgHeight>34</imgHeight>
	</item>
	<item>
		<name><![CDATA[bil.gif]]></name>
		<imgfile>bil.gif</imgfile>
		<imgWidth>110</imgWidth>
		<imgHeight>110</imgHeight>
	</item>
	<item>
		<name><![CDATA[IMAGE$6CCCC1E64EC47BE.gif]]></name>
		<imgfile>IMAGE$6CCCC1E64EC47BE.gif</imgfile>
		<imgWidth>110</imgWidth>
		<imgHeight>90</imgHeight>
	</item>
	<item>
		<name><![CDATA[IMAGE$62E83419E648C3B.gif]]></name>
		<imgfile>IMAGE$62E83419E648C3B.gif</imgfile>
		<imgWidth>83</imgWidth>
		<imgHeight>83</imgHeight>
	</item>
	<item>
		<name><![CDATA[IMAGE$2B7D253CCA792F25.gif]]></name>
		<imgfile>IMAGE$2B7D253CCA792F25.gif</imgfile>
		<imgWidth>85</imgWidth>
		<imgHeight>85</imgHeight>
	</item>
	<item>
		<name><![CDATA[IMAGE$66FA1E850375F98F.gif]]></name>
		<imgfile>IMAGE$66FA1E850375F98F.gif</imgfile>
		<imgWidth>83</imgWidth>
		<imgHeight>83</imgHeight>
	</item>
	<item>
		<name><![CDATA[IMAGE$4EF65AC91E2EED23.gif]]></name>
		<imgfile>IMAGE$4EF65AC91E2EED23.gif</imgfile>
		<imgWidth>48</imgWidth>
		<imgHeight>48</imgHeight>
	</item>
	<item>
		<name><![CDATA[IMAGE$28DA075F2CB3830B.gif]]></name>
		<imgfile>IMAGE$28DA075F2CB3830B.gif</imgfile>
		<imgWidth>48</imgWidth>
		<imgHeight>48</imgHeight>
	</item>
	<item>
		<name><![CDATA[IMAGE$5BBB39718A19D259.gif]]></name>
		<imgfile>IMAGE$5BBB39718A19D259.gif</imgfile>
		<imgWidth>115</imgWidth>
		<imgHeight>66</imgHeight>
		<alttext><![CDATA[Go team]]></alttext>
	</item>
	<item>
		<name><![CDATA[IMAGE$1EC4D7DEA200E571.gif]]></name>
		<imgfile>IMAGE$1EC4D7DEA200E571.gif</imgfile>
		<imgWidth>47</imgWidth>
		<imgHeight>46</imgHeight>
		<alttext><![CDATA[Frustrated]]></alttext>
	</item>
	<item>
		<name><![CDATA[IMAGE$113D9AC02D6631B5.gif]]></name>
		<imgfile>IMAGE$113D9AC02D6631B5.gif</imgfile>
		<imgWidth>33</imgWidth>
		<imgHeight>31</imgHeight>
	</item>
	<item>
		<name><![CDATA[IMAGE$681CA97D80025CA4.gif]]></name>
		<imgfile>IMAGE$681CA97D80025CA4.gif</imgfile>
		<imgWidth>31</imgWidth>
		<imgHeight>31</imgHeight>
	</item>
	<item>
		<name><![CDATA[IMAGE$587A8E8CFC493893.gif]]></name>
		<imgfile>IMAGE$587A8E8CFC493893.gif</imgfile>
		<imgWidth>79</imgWidth>
		<imgHeight>85</imgHeight>
	</item>
	<item>
		<name><![CDATA[IMAGE$CEFF0706E96B40F.gif]]></name>
		<imgfile>IMAGE$CEFF0706E96B40F.gif</imgfile>
		<imgWidth>83</imgWidth>
		<imgHeight>83</imgHeight>
	</item>
	<item>
		<name><![CDATA[IMAGE$10F69D6D534C9563.gif]]></name>
		<imgfile>IMAGE$10F69D6D534C9563.gif</imgfile>
		<imgWidth>100</imgWidth>
		<imgHeight>90</imgHeight>
	</item>
	<item>
		<name><![CDATA[IMAGE$1D2DA9ECD843088D.gif]]></name>
		<imgfile>IMAGE$1D2DA9ECD843088D.gif</imgfile>
		<imgWidth>83</imgWidth>
		<imgHeight>83</imgHeight>
	</item>
	<item>
		<name><![CDATA[IMAGE$1E7DA521B48723B3.gif]]></name>
		<imgfile>IMAGE$1E7DA521B48723B3.gif</imgfile>
		<imgWidth>110</imgWidth>
		<imgHeight>74</imgHeight>
	</item>
	<item>
		<name><![CDATA[IMAGE$325F1DCCAE50DEE8.gif]]></name>
		<imgfile>IMAGE$325F1DCCAE50DEE8.gif</imgfile>
		<imgWidth>118</imgWidth>
		<imgHeight>81</imgHeight>
	</item>
	<item>
		<name><![CDATA[IMAGE$547DFD514C8D7035.gif]]></name>
		<imgfile>IMAGE$547DFD514C8D7035.gif</imgfile>
		<imgWidth>39</imgWidth>
		<imgHeight>53</imgHeight>
	</item>
	<item>
		<name><![CDATA[IMAGE$2A7F2FABA3DF9F4B.gif]]></name>
		<imgfile>IMAGE$2A7F2FABA3DF9F4B.gif</imgfile>
		<imgWidth>112</imgWidth>
		<imgHeight>80</imgHeight>
	</item>
	<item>
		<name><![CDATA[IMAGE$3D137D4BAA7153A8.gif]]></name>
		<imgfile>IMAGE$3D137D4BAA7153A8.gif</imgfile>
		<imgWidth>74</imgWidth>
		<imgHeight>60</imgHeight>
	</item>
	<item>
		<name><![CDATA[IMAGE$3A271986C3F4C447.gif]]></name>
		<imgfile>IMAGE$3A271986C3F4C447.gif</imgfile>
		<imgWidth>92</imgWidth>
		<imgHeight>88</imgHeight>
	</item>
	<item>
		<name><![CDATA[IMAGE$6DFAFF53126522AF.gif]]></name>
		<imgfile>IMAGE$6DFAFF53126522AF.gif</imgfile>
		<imgWidth>256</imgWidth>
		<imgHeight>64</imgHeight>
	</item>
	<item>
		<name><![CDATA[IMAGE$6B8910A8D7AB72E4.gif]]></name>
		<imgfile>IMAGE$6B8910A8D7AB72E4.gif</imgfile>
		<imgWidth>188</imgWidth>
		<imgHeight>129</imgHeight>
	</item>
	<item>
		<name><![CDATA[scream.gif]]></name>
		<imgfile>scream.gif</imgfile>
		<imgWidth>211</imgWidth>
		<imgHeight>27</imgHeight>
	</item>
	<item>
		<name><![CDATA[etoyeblikk.gif]]></name>
		<imgfile>etoyeblikk.gif</imgfile>
		<imgWidth>95</imgWidth>
		<imgHeight>95</imgHeight>
	</item>
	<item>
		<name><![CDATA[IMAGE$368D0DA0AD3DCC7F.gif]]></name>
		<imgfile>IMAGE$368D0DA0AD3DCC7F.gif</imgfile>
		<imgWidth>182</imgWidth>
		<imgHeight>85</imgHeight>
	</item>
</palette>
